InvoiceNo,Bluetooth Speaker,External Hard Drive,Gaming Mousepad,LED Desk Lamp,Laptop Stand,Noise Cancelling Headphones,USB Keyboard,USB-C Hub,Unknown,Webcam HD,Wireless Mouse
INV100000,0,0,0,0,0,0,1,0,0,0,0
INV100002,0,0,0,0,0,1,0,0,0,0,0
INV100003,0,0,1,0,0,0,0,0,0,0,0
INV100004,0,0,0,0,0,0,0,0,1,0,0
INV100005,0,0,0,0,0,0,1,0,0,0,0
INV100006,0,0,0,0,0,0,0,1,0,0,0
INV100007,0,0,0,1,0,0,0,0,0,0,0
INV100008,1,0,0,0,0,0,0,0,0,0,0
INV100009,0,0,1,0,0,0,0,0,0,0,0
INV100010,0,0,0,0,0,0,0,0,1,0,0
INV100011,0,0,0,0,1,0,0,0,0,0,0
INV100012,1,0,0,0,0,0,0,0,0,0,0
INV100013,0,1,0,0,0,0,0,0,0,0,0
INV100014,1,0,0,0,0,0,0,0,0,0,0
INV100015,0,0,0,0,0,0,0,0,0,1,0
INV100016,0,0,1,0,0,0,0,0,0,0,0
INV100017,0,0,0,0,0,0,0,1,0,0,0
INV100018,0,0,1,0,0,0,0,0,0,0,0
INV100020,0,0,0,0,0,1,0,0,0,0,0
INV100021,0,0,0,0,1,0,0,0,0,0,0
INV100022,0,0,0,0,1,0,0,0,0,0,0
INV100023,0,0,0,1,0,0,0,0,0,0,0
INV100024,0,0,0,0,0,0,0,0,0,0,1
INV100025,1,0,0,0,0,0,0,0,0,0,0
INV100026,0,0,0,0,0,0,1,0,0,0,0
INV100027,0,0,0,0,0,1,0,0,0,0,0
INV100028,1,0,0,0,0,0,0,0,0,0,0
INV100029,0,0,0,0,0,1,0,0,0,0,0
INV100030,0,0,0,0,0,1,0,0,0,0,0
INV100031,1,0,0,0,0,0,0,0,0,0,0
INV100032,0,0,0,0,0,0,0,0,0,1,0
INV100033,0,0,0,0,0,0,0,1,0,0,0
INV100034,0,0,1,0,0,0,0,0,0,0,0
INV100035,0,0,0,0,0,0,0,0,0,0,1
INV100036,1,0,0,0,0,0,0,0,0,0,0
INV100037,0,0,0,0,0,0,1,0,0,0,0
INV100038,0,0,0,0,0,0,0,0,0,0,1
INV100039,0,0,0,0,0,0,0,0,1,0,0
INV100040,0,0,0,0,0,0,0,0,0,0,1
INV100041,0,0,1,0,0,0,0,0,0,0,0
INV100042,0,0,0,0,0,0,0,0,1,0,0
INV100043,0,0,0,0,0,0,0,0,0,0,1
INV100044,0,0,0,0,1,0,0,0,0,0,0
INV100045,0,0,0,0,0,0,1,0,0,0,0
INV100046,0,0,0,1,0,0,0,0,0,0,0
INV100047,0,0,0,0,0,1,0,0,0,0,0
INV100048,0,0,0,0,0,0,0,0,0,1,0
INV100049,0,0,0,0,0,0,0,0,0,0,1
INV100050,1,0,0,0,0,0,0,0,0,0,0
INV100051,0,1,0,0,0,0,0,0,0,0,0
INV100052,0,0,0,0,0,1,0,0,0,0,0
INV100053,0,0,0,0,1,0,0,0,0,0,0
INV100054,0,0,0,0,0,0,0,0,0,1,0
INV100055,0,0,0,0,0,1,0,0,0,0,0
INV100056,0,0,0,0,0,0,0,0,0,1,0
INV100058,0,0,0,0,0,1,0,0,0,0,0
INV100059,0,0,0,0,0,0,0,0,0,0,1
INV100060,0,1,0,0,0,0,0,0,0,0,0
INV100061,0,0,1,0,0,0,0,0,0,0,0
INV100062,0,0,0,0,1,0,0,0,0,0,0
INV100063,1,0,0,0,0,0,0,0,0,0,0
INV100064,0,0,0,0,0,0,0,1,0,0,0
INV100065,1,0,0,0,0,0,0,0,0,0,0
INV100066,0,0,0,0,0,0,0,0,0,1,0
INV100067,0,1,0,0,0,0,0,0,0,0,0
INV100068,0,0,0,0,0,0,0,0,0,1,0
INV100069,0,0,1,0,0,0,0,0,0,0,0
INV100070,0,0,0,0,0,0,0,0,0,1,0
INV100071,1,0,0,0,0,0,0,0,0,0,0
INV100072,0,1,0,0,0,0,0,0,0,0,0
INV100073,0,0,1,0,0,0,0,0,0,0,0
INV100074,0,0,1,0,0,0,0,0,0,0,0
INV100075,0,0,0,0,0,1,0,0,0,0,0
INV100076,0,0,0,1,0,0,0,0,0,0,0
INV100077,0,0,0,0,0,0,0,1,0,0,0
INV100078,0,0,0,0,0,0,0,0,0,1,0
INV100080,0,0,0,1,0,0,0,0,0,0,0
INV100081,1,0,0,0,0,0,0,0,0,0,0
INV100082,0,0,0,0,0,0,1,0,0,0,0
INV100083,0,0,0,0,0,0,0,1,0,0,0
INV100084,0,0,0,0,0,0,0,1,0,0,0
INV100085,0,0,0,1,0,0,0,0,0,0,0
INV100086,0,0,0,0,1,0,0,0,0,0,0
INV100087,0,0,0,0,0,1,0,0,0,0,0
INV100088,1,0,0,0,0,0,0,0,0,0,0
INV100089,1,0,0,0,0,0,0,0,0,0,0
INV100090,0,1,0,0,0,0,0,0,0,0,0
INV100091,0,0,0,1,0,0,0,0,0,0,0
INV100092,0,0,0,0,0,0,0,1,0,0,0
INV100093,0,0,0,0,0,0,0,0,1,0,0
INV100094,1,0,0,0,0,0,0,0,0,0,0
INV100095,0,0,0,0,1,0,0,0,0,0,0
INV100096,0,0,1,0,0,0,0,0,0,0,0
INV100097,0,0,0,0,0,0,0,1,0,0,0
INV100098,0,1,0,0,0,0,0,0,0,0,0
INV100099,0,0,0,0,0,0,0,0,0,1,0
INV100100,1,0,0,0,0,0,0,0,0,0,0
INV100101,1,0,0,0,0,0,0,0,0,0,0
INV100102,0,0,0,0,0,0,1,0,0,0,0
INV100103,0,0,0,0,1,0,0,0,0,0,0
INV100104,0,0,0,0,0,0,0,0,0,1,0
INV100105,0,0,1,0,0,0,0,0,0,0,0
INV100106,0,0,0,0,0,0,1,0,0,0,0
INV100107,0,0,0,1,0,0,0,0,0,0,0
INV100108,0,0,0,0,0,1,0,0,0,0,0
INV100109,0,0,1,0,0,0,0,0,0,0,0
INV100110,0,0,1,0,0,0,0,0,0,0,0
INV100111,0,0,0,0,0,0,0,1,0,0,0
INV100112,0,0,0,0,0,0,1,0,0,0,0
INV100113,0,0,1,0,0,0,0,0,0,0,0
INV100114,0,1,0,0,0,0,0,0,0,0,0
INV100115,0,0,0,0,0,1,0,0,0,0,0
INV100116,0,0,0,0,0,0,0,1,0,0,0
INV100117,0,0,0,0,0,0,0,1,0,0,0
INV100118,0,0,0,0,0,0,0,0,0,1,0
INV100119,0,0,0,0,0,1,0,0,0,0,0
INV100120,0,0,0,0,0,0,1,0,0,0,0
INV100121,1,0,0,0,0,0,0,0,0,0,0
INV100122,0,0,0,1,0,0,0,0,0,0,0
INV100123,0,0,0,0,1,0,0,0,0,0,0
INV100124,0,0,0,0,0,1,0,0,0,0,0
INV100125,0,0,0,0,0,0,1,0,0,0,0
INV100126,0,0,0,0,0,0,0,0,1,0,0
INV100127,0,0,1,0,0,0,0,0,0,0,0
INV100128,0,0,0,1,0,0,0,0,0,0,0
INV100129,0,0,0,1,0,0,0,0,0,0,0
INV100130,0,0,0,0,0,0,0,1,0,0,0
INV100131,0,0,0,0,0,0,0,0,0,0,1
INV100132,0,0,0,0,0,0,0,0,0,1,0
INV100133,0,0,0,0,0,0,0,0,0,0,1
INV100134,0,0,0,0,0,0,0,0,0,1,0
INV100135,0,0,0,0,0,0,0,0,0,1,0
INV100136,0,0,0,0,0,0,1,0,0,0,0
INV100137,0,0,0,0,0,0,1,0,0,0,0
INV100138,0,0,0,0,0,0,0,0,0,1,0
INV100139,0,0,0,0,0,1,0,0,0,0,0
INV100140,0,0,0,1,0,0,0,0,0,0,0
INV100141,0,0,0,1,0,0,0,0,0,0,0
INV100142,0,0,0,0,0,0,0,0,0,0,1
INV100143,0,0,0,0,1,0,0,0,0,0,0
INV100144,0,1,0,0,0,0,0,0,0,0,0
INV100145,0,0,1,0,0,0,0,0,0,0,0
INV100146,0,0,0,0,0,0,0,0,0,0,1
INV100148,0,0,0,0,0,0,0,0,0,0,1
INV100149,0,0,0,0,0,0,0,0,0,0,1
INV100150,0,0,0,0,0,0,1,0,0,0,0
INV100151,0,0,0,0,0,0,0,0,0,1,0
INV100152,0,0,0,0,0,0,0,1,0,0,0
INV100153,0,0,0,0,0,1,0,0,0,0,0
INV100154,0,0,0,0,0,0,0,1,0,0,0
INV100155,0,0,0,0,0,0,1,0,0,0,0
INV100156,0,0,0,0,0,0,0,0,0,1,0
INV100157,0,0,0,0,0,0,0,1,0,0,0
INV100158,0,0,0,0,0,1,0,0,0,0,0
INV100159,0,0,0,1,0,0,0,0,0,0,0
INV100160,0,0,1,0,0,0,0,0,0,0,0
INV100161,0,0,0,0,0,0,0,0,0,0,1
INV100162,0,0,0,0,0,0,1,0,0,0,0
INV100163,0,0,0,0,0,0,1,0,0,0,0
INV100164,0,0,0,0,0,0,1,0,0,0,0
INV100165,0,0,0,0,0,0,0,1,0,0,0
INV100166,1,0,0,0,0,0,0,0,0,0,0
INV100168,0,0,0,0,0,0,0,0,0,1,0
INV100169,0,0,0,0,1,0,0,0,0,0,0
INV100170,0,0,0,0,0,0,0,1,0,0,0
INV100171,0,0,0,0,0,0,0,0,0,1,0
INV100172,0,0,0,0,1,0,0,0,0,0,0
INV100173,0,0,0,0,0,0,0,0,0,1,0
INV100174,0,0,0,0,0,0,1,0,0,0,0
INV100175,0,0,0,0,0,0,0,0,0,0,1
INV100176,0,0,0,1,0,0,0,0,0,0,0
INV100177,0,0,0,1,0,0,0,0,0,0,0
INV100178,0,0,0,0,0,0,1,0,0,0,0
INV100179,0,0,0,1,0,0,0,0,0,0,0
INV100180,0,0,0,0,1,0,0,0,0,0,0
INV100181,0,0,0,0,0,1,0,0,0,0,0
INV100182,0,0,0,0,0,0,0,0,0,1,0
INV100183,1,0,0,0,0,0,0,0,0,0,0
INV100184,0,1,0,0,0,0,0,0,0,0,0
INV100185,0,1,0,0,0,0,0,0,0,0,0
INV100186,0,0,0,0,0,0,1,0,0,0,0
INV100187,0,0,0,1,0,0,0,0,0,0,0
INV100188,0,0,1,0,0,0,0,0,0,0,0
INV100189,0,0,0,0,0,0,1,0,0,0,0
INV100190,0,0,1,0,0,0,0,0,0,0,0
INV100191,0,0,0,0,0,0,0,1,0,0,0
INV100192,1,0,0,0,0,0,0,0,0,0,0
INV100193,0,0,0,0,0,1,0,0,0,0,0
INV100194,0,0,0,0,0,0,1,0,0,0,0
INV100195,0,0,0,0,0,0,0,0,0,0,1
INV100196,1,0,0,0,0,0,0,0,0,0,0
INV100197,0,1,0,0,0,0,0,0,0,0,0
INV100198,0,0,0,0,1,0,0,0,0,0,0
INV100199,0,0,0,0,1,0,0,0,0,0,0
INV100200,0,0,0,0,1,0,0,0,0,0,0
INV100201,0,0,0,0,0,0,0,1,0,0,0
INV100202,1,0,0,0,0,0,0,0,0,0,0
INV100203,0,0,0,0,0,0,0,0,0,1,0
INV100204,0,0,1,0,0,0,0,0,0,0,0
INV100205,0,1,0,0,0,0,0,0,0,0,0
INV100206,0,0,0,0,0,1,0,0,0,0,0
INV100207,0,0,0,0,0,1,0,0,0,0,0
INV100208,1,0,0,0,0,0,0,0,0,0,0
INV100209,0,0,1,0,0,0,0,0,0,0,0
INV100210,0,0,0,0,0,0,0,0,1,0,0
INV100211,0,0,0,0,0,0,1,0,0,0,0
INV100212,0,0,0,0,0,0,0,0,0,0,1
INV100213,0,1,0,0,0,0,0,0,0,0,0
INV100214,0,0,0,0,0,0,0,0,0,1,0
INV100215,0,0,0,0,0,0,0,1,0,0,0
INV100216,0,0,0,0,0,0,0,0,0,1,0
INV100217,0,0,0,1,0,0,0,0,0,0,0
INV100218,0,0,0,0,0,0,0,0,0,0,1
INV100219,0,0,0,0,0,0,0,0,0,0,1
INV100220,0,0,0,0,0,0,0,0,0,0,1
INV100221,0,0,0,0,1,0,0,0,0,0,0
INV100222,0,0,0,0,0,0,1,0,0,0,0
INV100223,0,0,0,0,0,0,0,0,0,1,0
INV100224,1,0,0,0,0,0,0,0,0,0,0
INV100225,0,0,0,0,0,0,0,1,0,0,0
INV100226,0,0,0,0,0,0,0,0,0,0,1
INV100228,0,0,1,0,0,0,0,0,0,0,0
INV100229,0,0,0,0,0,0,1,0,0,0,0
INV100230,0,1,0,0,0,0,0,0,0,0,0
INV100231,0,0,0,0,0,0,1,0,0,0,0
INV100232,0,1,0,0,0,0,0,0,0,0,0
INV100233,0,0,0,0,0,1,0,0,0,0,0
INV100234,0,0,0,0,1,0,0,0,0,0,0
INV100235,0,1,0,0,0,0,0,0,0,0,0
INV100236,0,0,0,0,1,0,0,0,0,0,0
INV100237,0,0,0,0,1,0,0,0,0,0,0
INV100238,0,0,0,0,0,0,0,1,0,0,0
INV100239,0,1,0,0,0,0,0,0,0,0,0
INV100240,0,0,0,1,0,0,0,0,0,0,0
INV100241,0,0,0,0,0,0,0,0,0,0,1
INV100242,0,0,0,1,0,0,0,0,0,0,0
INV100243,0,0,0,0,0,0,0,1,0,0,0
INV100244,0,0,0,0,0,1,0,0,0,0,0
INV100245,0,0,0,0,0,0,1,0,0,0,0
INV100246,0,0,0,0,0,1,0,0,0,0,0
INV100247,0,0,1,0,0,0,0,0,0,0,0
INV100248,0,0,0,0,0,0,1,0,0,0,0
INV100249,0,0,0,0,1,0,0,0,0,0,0
INV100250,0,0,1,0,0,0,0,0,0,0,0
INV100251,0,0,0,0,0,0,0,0,1,0,0
INV100252,0,0,0,0,0,0,1,0,0,0,0
INV100253,0,0,0,0,1,0,0,0,0,0,0
INV100254,0,0,0,0,1,0,0,0,0,0,0
INV100255,0,0,0,0,0,1,0,0,0,0,0
INV100256,0,0,1,0,0,0,0,0,0,0,0
INV100257,0,0,0,0,0,0,0,1,0,0,0
INV100258,0,0,0,0,0,0,0,0,0,1,0
INV100259,0,0,0,0,0,0,0,1,0,0,0
INV100260,0,0,0,0,0,0,0,1,0,0,0
INV100261,1,0,0,0,0,0,0,0,0,0,0
INV100262,0,0,0,0,0,0,0,0,1,0,0
INV100263,0,0,0,0,0,0,0,0,0,1,0
INV100264,0,0,1,0,0,0,0,0,0,0,0
INV100265,0,0,1,0,0,0,0,0,0,0,0
INV100266,1,0,0,0,0,0,0,0,0,0,0
INV100267,0,0,0,0,1,0,0,0,0,0,0
INV100269,0,0,0,0,1,0,0,0,0,0,0
INV100270,1,0,0,0,0,0,0,0,0,0,0
INV100271,0,0,0,0,0,0,0,1,0,0,0
INV100272,0,0,0,0,0,1,0,0,0,0,0
INV100273,0,1,0,0,0,0,0,0,0,0,0
INV100274,0,1,0,0,0,0,0,0,0,0,0
INV100275,0,0,0,0,0,0,0,0,0,0,1
INV100276,0,0,0,0,0,0,0,0,0,0,1
INV100277,0,0,0,1,0,0,0,0,0,0,0
INV100278,0,0,0,0,1,0,0,0,0,0,0
INV100279,0,0,0,0,1,0,0,0,0,0,0
INV100280,0,0,0,0,0,0,0,0,0,0,1
INV100281,0,0,1,0,0,0,0,0,0,0,0
INV100282,0,0,0,0,0,0,0,0,0,1,0
INV100283,0,0,0,0,0,0,1,0,0,0,0
INV100284,0,1,0,0,0,0,0,0,0,0,0
INV100285,0,0,0,0,0,0,0,0,0,1,0
INV100286,0,0,0,0,0,1,0,0,0,0,0
INV100287,0,0,0,0,0,0,0,1,0,0,0
INV100288,0,0,0,0,0,0,0,0,1,0,0
INV100289,0,0,0,0,0,0,0,0,0,0,1
INV100290,0,0,0,0,0,0,0,0,0,0,1
INV100291,0,0,0,0,0,0,1,0,0,0,0
INV100292,0,0,0,1,0,0,0,0,0,0,0
INV100293,0,0,0,1,0,0,0,0,0,0,0
INV100294,0,0,0,0,0,0,1,0,0,0,0
INV100295,0,0,0,0,0,0,0,0,1,0,0
INV100296,0,0,0,0,0,0,0,1,0,0,0
INV100297,0,0,0,0,0,0,1,0,0,0,0
INV100298,0,0,0,0,0,0,1,0,0,0,0
INV100299,0,1,0,0,0,0,0,0,0,0,0
INV100300,0,0,0,0,0,0,0,1,0,0,0
INV100301,0,0,0,0,1,0,0,0,0,0,0
INV100302,0,0,0,0,0,1,0,0,0,0,0
INV100303,0,0,0,0,0,0,1,0,0,0,0
INV100304,0,0,0,1,0,0,0,0,0,0,0
INV100305,0,0,0,0,0,0,1,0,0,0,0
INV100306,0,1,0,0,0,0,0,0,0,0,0
INV100307,1,0,0,0,0,0,0,0,0,0,0
INV100308,0,0,0,0,0,1,0,0,0,0,0
INV100309,0,0,0,0,1,0,0,0,0,0,0
INV100310,0,0,0,0,0,0,0,0,0,0,1
INV100311,0,0,0,0,0,0,0,0,0,1,0
INV100312,0,0,0,0,0,0,0,1,0,0,0
INV100313,1,0,0,0,0,0,0,0,0,0,0
INV100314,0,0,0,0,1,0,0,0,0,0,0
INV100315,0,1,0,0,0,0,0,0,0,0,0
INV100316,0,0,0,0,1,0,0,0,0,0,0
INV100317,0,0,0,0,0,0,1,0,0,0,0
INV100318,0,0,0,1,0,0,0,0,0,0,0
INV100319,0,0,0,1,0,0,0,0,0,0,0
INV100320,0,0,0,0,0,0,0,1,0,0,0
INV100321,0,0,0,0,0,0,0,1,0,0,0
INV100322,0,0,0,0,0,0,0,1,0,0,0
INV100323,0,0,0,0,0,0,0,0,0,0,1
INV100324,0,0,1,0,0,0,0,0,0,0,0
INV100325,0,0,0,0,0,1,0,0,0,0,0
INV100326,0,0,0,1,0,0,0,0,0,0,0
INV100327,0,1,0,0,0,0,0,0,0,0,0
INV100328,0,0,1,0,0,0,0,0,0,0,0
INV100329,0,0,0,0,0,1,0,0,0,0,0
INV100330,0,1,0,0,0,0,0,0,0,0,0
INV100331,0,1,0,0,0,0,0,0,0,0,0
INV100332,0,0,0,0,0,0,0,1,0,0,0
INV100333,0,0,0,0,0,0,0,0,0,1,0
INV100334,0,0,0,0,0,0,0,0,1,0,0
INV100335,1,0,0,0,0,0,0,0,0,0,0
INV100336,0,0,1,0,0,0,0,0,0,0,0
INV100337,1,0,0,0,0,0,0,0,0,0,0
INV100338,0,0,1,0,0,0,0,0,0,0,0
INV100339,0,0,0,0,1,0,0,0,0,0,0
INV100340,0,0,1,0,0,0,0,0,0,0,0
INV100341,0,1,0,0,0,0,0,0,0,0,0
INV100342,0,0,0,1,0,0,0,0,0,0,0
INV100343,0,0,0,0,0,0,0,0,0,1,0
INV100344,0,0,0,0,0,0,0,1,0,0,0
INV100345,0,0,0,0,0,0,1,0,0,0,0
INV100346,0,0,0,0,1,0,0,0,0,0,0
INV100347,0,0,0,0,0,0,0,0,0,1,0
INV100348,0,0,0,0,0,0,0,0,0,1,0
INV100349,0,0,0,0,0,1,0,0,0,0,0
INV100350,0,0,0,0,0,0,1,0,0,0,0
INV100351,0,0,0,0,0,0,0,1,0,0,0
INV100352,0,0,0,0,0,0,0,0,0,0,1
INV100353,0,0,0,0,1,0,0,0,0,0,0
INV100354,0,0,0,0,0,0,0,1,0,0,0
INV100355,0,0,0,0,0,0,0,0,0,0,1
INV100356,0,0,0,0,0,0,0,1,0,0,0
INV100357,0,0,0,0,0,0,0,1,0,0,0
INV100358,0,0,0,0,0,0,0,0,0,1,0
INV100359,1,0,0,0,0,0,0,0,0,0,0
INV100360,0,0,0,0,0,1,0,0,0,0,0
INV100363,1,0,0,0,0,0,0,0,0,0,0
INV100364,0,0,0,0,0,0,0,0,0,1,0
INV100365,1,0,0,0,0,0,0,0,0,0,0
INV100366,0,1,0,0,0,0,0,0,0,0,0
INV100367,1,0,0,0,0,0,0,0,0,0,0
INV100368,0,0,0,0,0,1,0,0,0,0,0
INV100369,0,0,0,0,0,1,0,0,0,0,0
INV100370,0,0,0,0,0,0,0,1,0,0,0
INV100371,0,0,0,0,0,0,0,1,0,0,0
INV100372,0,0,0,0,0,0,0,0,0,0,1
INV100373,0,0,0,0,0,0,0,0,0,1,0
INV100374,0,1,0,0,0,0,0,0,0,0,0
INV100375,0,0,0,0,0,0,0,0,0,0,1
INV100376,0,1,0,0,0,0,0,0,0,0,0
INV100377,0,0,0,0,0,0,1,0,0,0,0
INV100378,0,0,0,0,0,0,1,0,0,0,0
INV100379,0,0,0,0,0,0,0,0,0,0,1
INV100380,0,0,1,0,0,0,0,0,0,0,0
INV100381,0,0,0,0,0,0,0,0,0,1,0
INV100383,0,0,0,0,0,0,1,0,0,0,0
INV100384,1,0,0,0,0,0,0,0,0,0,0
INV100385,0,0,0,0,1,0,0,0,0,0,0
INV100386,0,1,0,0,0,0,0,0,0,0,0
INV100387,0,0,0,0,1,0,0,0,0,0,0
INV100388,0,0,0,0,0,1,0,0,0,0,0
INV100389,0,0,0,0,0,1,0,0,0,0,0
INV100390,0,0,0,0,0,1,0,0,0,0,0
INV100391,0,0,0,0,0,1,0,0,0,0,0
INV100392,0,0,0,0,0,0,0,1,0,0,0
INV100393,0,0,0,0,1,0,0,0,0,0,0
INV100394,0,1,0,0,0,0,0,0,0,0,0
INV100395,0,0,0,1,0,0,0,0,0,0,0
INV100396,0,0,0,0,0,1,0,0,0,0,0
INV100397,1,0,0,0,0,0,0,0,0,0,0
INV100398,1,0,0,0,0,0,0,0,0,0,0
INV100399,0,1,0,0,0,0,0,0,0,0,0
INV100400,0,0,0,0,0,0,0,0,0,1,0
INV100401,0,1,0,0,0,0,0,0,0,0,0
INV100402,0,0,0,0,1,0,0,0,0,0,0
INV100403,0,0,0,0,0,0,0,0,0,1,0
INV100404,0,0,0,0,0,0,0,1,0,0,0
INV100405,0,0,0,0,0,0,0,1,0,0,0
INV100406,0,0,0,0,0,0,0,1,0,0,0
INV100407,0,0,0,0,0,0,0,0,0,0,1
INV100408,0,0,1,0,0,0,0,0,0,0,0
INV100409,1,0,0,0,0,0,0,0,0,0,0
INV100410,0,0,0,0,0,0,0,1,0,0,0
INV100411,0,0,0,0,0,0,0,0,0,0,1
INV100412,0,0,1,0,0,0,0,0,0,0,0
INV100413,0,0,0,0,1,0,0,0,0,0,0
INV100414,0,0,1,0,0,0,0,0,0,0,0
INV100415,0,0,0,0,0,0,0,0,0,1,0
INV100416,0,0,0,0,0,0,1,0,0,0,0
INV100417,0,0,0,0,1,0,0,0,0,0,0
INV100418,0,0,0,0,0,0,1,0,0,0,0
INV100419,0,0,0,0,0,0,0,1,0,0,0
INV100420,0,0,0,1,0,0,0,0,0,0,0
INV100421,0,0,0,1,0,0,0,0,0,0,0
INV100422,0,0,0,0,1,0,0,0,0,0,0
INV100423,0,0,0,0,0,0,0,0,1,0,0
INV100424,0,0,0,0,0,1,0,0,0,0,0
INV100425,0,1,0,0,0,0,0,0,0,0,0
INV100426,0,0,0,0,0,0,0,0,0,0,1
INV100427,0,0,0,0,0,1,0,0,0,0,0
INV100428,0,0,0,0,0,0,1,0,0,0,0
INV100429,0,0,0,0,0,0,0,0,0,1,0
INV100430,0,1,0,0,0,0,0,0,0,0,0
INV100431,0,0,0,0,0,0,0,0,0,1,0
INV100432,0,0,0,0,0,0,0,0,1,0,0
INV100434,0,0,0,0,0,0,1,0,0,0,0
INV100435,0,0,0,0,0,1,0,0,0,0,0
INV100436,0,0,0,0,0,0,0,1,0,0,0
INV100437,0,0,0,0,0,0,1,0,0,0,0
INV100438,0,0,0,1,0,0,0,0,0,0,0
INV100439,0,0,0,1,0,0,0,0,0,0,0
INV100440,0,0,0,0,1,0,0,0,0,0,0
INV100441,0,0,0,0,1,0,0,0,0,0,0
INV100442,0,0,0,1,0,0,0,0,0,0,0
INV100443,0,1,0,0,0,0,0,0,0,0,0
INV100444,0,0,0,0,0,1,0,0,0,0,0
INV100445,0,0,0,0,0,0,0,0,0,1,0
INV100446,0,0,0,0,0,0,0,1,0,0,0
INV100447,0,0,1,0,0,0,0,0,0,0,0
INV100448,0,0,0,0,0,1,0,0,0,0,0
INV100449,0,0,0,0,0,1,0,0,0,0,0
INV100450,0,0,0,0,1,0,0,0,0,0,0
INV100452,0,0,0,0,0,1,0,0,0,0,0
INV100453,0,1,0,0,0,0,0,0,0,0,0
INV100454,0,1,0,0,0,0,0,0,0,0,0
INV100455,0,0,0,0,1,0,0,0,0,0,0
INV100456,0,1,0,0,0,0,0,0,0,0,0
INV100458,0,0,0,0,1,0,0,0,0,0,0
INV100459,0,1,0,0,0,0,0,0,0,0,0
INV100461,0,0,0,0,0,0,0,1,0,0,0
INV100462,0,0,0,0,0,0,1,0,0,0,0
INV100463,1,0,0,0,0,0,0,0,0,0,0
INV100464,0,0,0,1,0,0,0,0,0,0,0
INV100465,0,0,0,1,0,0,0,0,0,0,0
INV100466,0,0,0,0,0,0,1,0,0,0,0
INV100467,0,1,0,0,0,0,0,0,0,0,0
INV100468,0,0,1,0,0,0,0,0,0,0,0
INV100469,0,0,0,0,0,1,0,0,0,0,0
INV100471,0,0,1,0,0,0,0,0,0,0,0
INV100472,0,0,1,0,0,0,0,0,0,0,0
INV100473,1,0,0,0,0,0,0,0,0,0,0
INV100474,0,0,0,1,0,0,0,0,0,0,0
INV100475,0,0,0,0,0,0,1,0,0,0,0
INV100476,0,0,0,0,0,0,0,1,0,0,0
INV100477,0,0,0,0,0,0,0,0,0,1,0
INV100478,0,0,0,0,0,0,0,1,0,0,0
INV100479,0,1,0,0,0,0,0,0,0,0,0
INV100480,1,0,0,0,0,0,0,0,0,0,0
INV100481,0,0,0,1,0,0,0,0,0,0,0
INV100482,0,0,0,0,0,0,0,0,0,1,0
INV100483,0,0,0,0,1,0,0,0,0,0,0
INV100484,0,0,0,0,1,0,0,0,0,0,0
INV100485,0,0,0,0,0,0,0,1,0,0,0
INV100486,0,0,0,0,0,0,1,0,0,0,0
INV100487,0,1,0,0,0,0,0,0,0,0,0
INV100488,0,0,0,0,0,0,0,1,0,0,0
INV100489,0,0,1,0,0,0,0,0,0,0,0
INV100490,0,0,0,0,0,0,0,0,0,1,0
INV100491,0,0,0,0,0,0,0,0,0,0,1
INV100493,0,0,0,0,0,0,0,0,0,1,0
INV100494,0,0,0,0,0,0,0,0,0,1,0
INV100495,0,0,0,0,0,0,0,0,0,1,0
INV100496,0,0,0,0,0,0,0,0,0,0,1
INV100497,0,0,0,0,0,0,0,0,0,0,1
INV100498,0,0,0,0,1,0,0,0,0,0,0
INV100499,0,0,0,0,0,0,1,0,0,0,0
INV100500,0,0,0,0,1,0,0,0,0,0,0
INV100501,0,1,0,0,0,0,0,0,0,0,0
INV100502,0,0,0,0,0,0,0,1,0,0,0
INV100503,0,0,0,1,0,0,0,0,0,0,0
INV100504,1,0,0,0,0,0,0,0,0,0,0
INV100505,0,0,0,0,0,0,0,0,0,1,0
INV100506,1,0,0,0,0,0,0,0,0,0,0
INV100507,1,0,0,0,0,0,0,0,0,0,0
INV100508,0,0,0,0,0,1,0,0,0,0,0
INV100509,0,0,1,0,0,0,0,0,0,0,0
INV100511,0,0,0,0,0,0,0,0,0,1,0
INV100512,0,0,0,0,0,0,0,0,0,1,0
INV100513,0,0,0,0,0,0,1,0,0,0,0
INV100514,0,0,0,0,0,0,1,0,0,0,0
INV100515,0,0,1,0,0,0,0,0,0,0,0
INV100516,0,0,0,0,0,0,0,0,0,1,0
INV100517,0,0,0,0,0,0,1,0,0,0,0
INV100518,0,0,0,0,1,0,0,0,0,0,0
INV100519,0,1,0,0,0,0,0,0,0,0,0
INV100520,0,0,0,0,1,0,0,0,0,0,0
INV100521,0,1,0,0,0,0,0,0,0,0,0
INV100522,0,0,0,0,0,0,1,0,0,0,0
INV100523,0,0,0,0,1,0,0,0,0,0,0
INV100525,0,0,0,0,0,0,0,0,0,0,1
INV100526,0,0,0,0,0,1,0,0,0,0,0
INV100527,1,0,0,0,0,0,0,0,0,0,0
INV100528,0,1,0,0,0,0,0,0,0,0,0
INV100529,0,0,0,0,0,0,0,0,0,0,1
INV100530,0,1,0,0,0,0,0,0,0,0,0
INV100531,0,0,0,0,0,0,0,0,1,0,0
INV100533,1,0,0,0,0,0,0,0,0,0,0
INV100534,0,0,0,0,0,0,0,0,0,0,1
INV100535,1,0,0,0,0,0,0,0,0,0,0
INV100536,0,0,0,0,0,0,0,0,0,1,0
INV100537,0,1,0,0,0,0,0,0,0,0,0
INV100538,0,0,1,0,0,0,0,0,0,0,0
INV100539,0,0,0,0,0,0,0,0,0,1,0
INV100540,0,1,0,0,0,0,0,0,0,0,0
INV100541,0,0,0,0,0,0,1,0,0,0,0
INV100542,0,0,0,0,0,1,0,0,0,0,0
INV100543,0,0,0,0,0,0,1,0,0,0,0
INV100544,0,0,0,0,0,0,0,0,0,0,1
INV100545,0,1,0,0,0,0,0,0,0,0,0
INV100546,0,0,0,0,0,0,0,0,0,0,1
INV100547,0,0,0,0,0,0,1,0,0,0,0
INV100548,1,0,0,0,0,0,0,0,0,0,0
INV100549,0,0,0,1,0,0,0,0,0,0,0
INV100550,0,0,0,0,0,0,0,1,0,0,0
INV100551,0,0,0,0,0,0,1,0,0,0,0
INV100552,0,0,1,0,0,0,0,0,0,0,0
INV100553,0,0,0,0,1,0,0,0,0,0,0
INV100554,0,0,0,1,0,0,0,0,0,0,0
INV100555,0,0,0,0,0,0,0,0,0,0,1
INV100556,1,0,0,0,0,0,0,0,0,0,0
INV100557,0,0,0,0,0,0,0,1,0,0,0
INV100558,0,0,1,0,0,0,0,0,0,0,0
INV100559,0,0,0,0,0,0,0,0,0,0,1
INV100560,0,0,0,0,1,0,0,0,0,0,0
INV100561,1,0,0,0,0,0,0,0,0,0,0
INV100562,0,0,0,0,1,0,0,0,0,0,0
INV100563,0,0,0,0,0,0,0,0,0,0,1
INV100564,1,0,0,0,0,0,0,0,0,0,0
INV100565,0,0,0,0,1,0,0,0,0,0,0
INV100566,0,0,0,0,0,1,0,0,0,0,0
INV100567,0,1,0,0,0,0,0,0,0,0,0
INV100568,0,0,0,0,0,0,0,0,1,0,0
INV100569,0,1,0,0,0,0,0,0,0,0,0
INV100570,0,0,0,0,0,0,1,0,0,0,0
INV100571,0,0,0,0,0,0,0,1,0,0,0
INV100572,0,1,0,0,0,0,0,0,0,0,0
INV100574,0,0,0,1,0,0,0,0,0,0,0
INV100575,0,0,0,1,0,0,0,0,0,0,0
INV100576,0,1,0,0,0,0,0,0,0,0,0
INV100577,0,0,0,0,0,0,0,1,0,0,0
INV100578,0,0,0,0,0,0,1,0,0,0,0
INV100579,0,0,1,0,0,0,0,0,0,0,0
INV100580,0,0,0,1,0,0,0,0,0,0,0
INV100581,0,0,0,0,0,0,0,0,0,1,0
INV100582,0,0,1,0,0,0,0,0,0,0,0
INV100583,0,0,0,1,0,0,0,0,0,0,0
INV100584,0,0,0,1,0,0,0,0,0,0,0
INV100585,0,0,1,0,0,0,0,0,0,0,0
INV100586,0,0,0,0,0,0,0,0,0,1,0
INV100588,0,0,0,0,0,0,0,1,0,0,0
INV100589,0,0,0,0,0,0,0,1,0,0,0
INV100590,0,0,0,0,0,0,1,0,0,0,0
INV100591,0,0,0,0,1,0,0,0,0,0,0
INV100592,0,0,0,1,0,0,0,0,0,0,0
INV100593,0,0,0,0,0,1,0,0,0,0,0
INV100594,0,0,0,0,0,1,0,0,0,0,0
INV100595,1,0,0,0,0,0,0,0,0,0,0
INV100596,0,0,0,0,0,1,0,0,0,0,0
INV100597,0,0,0,0,0,0,1,0,0,0,0
INV100598,1,0,0,0,0,0,0,0,0,0,0
INV100599,0,0,0,0,1,0,0,0,0,0,0
INV100600,0,0,0,0,0,0,1,0,0,0,0
INV100601,0,0,0,0,0,0,0,1,0,0,0
INV100602,0,0,1,0,0,0,0,0,0,0,0
INV100603,0,0,0,0,0,0,1,0,0,0,0
INV100604,0,0,1,0,0,0,0,0,0,0,0
INV100605,0,0,0,0,1,0,0,0,0,0,0
INV100606,0,0,0,0,0,0,0,0,0,0,1
INV100607,0,0,0,0,0,0,0,0,0,1,0
INV100608,0,0,0,0,0,0,0,0,0,1,0
INV100609,0,0,0,0,1,0,0,0,0,0,0
INV100610,0,0,1,0,0,0,0,0,0,0,0
INV100611,0,0,0,0,0,0,0,1,0,0,0
INV100612,0,0,0,0,0,0,1,0,0,0,0
INV100613,0,0,0,1,0,0,0,0,0,0,0
INV100614,1,0,0,0,0,0,0,0,0,0,0
INV100615,0,1,0,0,0,0,0,0,0,0,0
INV100616,1,0,0,0,0,0,0,0,0,0,0
INV100617,0,0,0,1,0,0,0,0,0,0,0
INV100618,0,0,0,0,0,0,0,0,0,1,0
INV100619,1,0,0,0,0,0,0,0,0,0,0
INV100620,0,0,0,0,0,0,0,0,0,0,1
INV100622,0,0,0,0,0,0,0,0,0,1,0
INV100623,0,0,0,0,0,0,0,1,0,0,0
INV100624,0,0,0,0,0,0,0,0,0,0,1
INV100625,0,0,0,1,0,0,0,0,0,0,0
INV100626,0,0,0,0,0,0,0,0,0,1,0
INV100627,1,0,0,0,0,0,0,0,0,0,0
INV100628,0,0,1,0,0,0,0,0,0,0,0
INV100629,0,0,0,0,0,0,0,0,0,1,0
INV100630,0,0,0,1,0,0,0,0,0,0,0
INV100631,0,0,0,0,0,0,0,1,0,0,0
INV100632,0,0,0,0,0,1,0,0,0,0,0
INV100633,0,0,0,0,1,0,0,0,0,0,0
INV100634,1,0,0,0,0,0,0,0,0,0,0
INV100635,0,0,0,0,0,0,0,0,0,1,0
INV100636,0,0,0,1,0,0,0,0,0,0,0
INV100637,0,0,1,0,0,0,0,0,0,0,0
INV100638,1,0,0,0,0,0,0,0,0,0,0
INV100639,0,1,0,0,0,0,0,0,0,0,0
INV100641,0,0,0,1,0,0,0,0,0,0,0
INV100642,0,0,0,1,0,0,0,0,0,0,0
INV100643,0,0,0,0,0,0,0,0,0,0,1
INV100644,0,0,0,0,0,1,0,0,0,0,0
INV100645,0,1,0,0,0,0,0,0,0,0,0
INV100646,0,0,0,0,0,0,1,0,0,0,0
INV100647,0,0,0,1,0,0,0,0,0,0,0
INV100648,0,0,0,0,0,0,0,1,0,0,0
INV100649,0,0,0,0,0,0,0,0,0,0,1
INV100650,0,0,0,1,0,0,0,0,0,0,0
INV100651,0,0,1,0,0,0,0,0,0,0,0
INV100653,0,0,1,0,0,0,0,0,0,0,0
INV100654,1,0,0,0,0,0,0,0,0,0,0
INV100655,0,0,0,0,0,1,0,0,0,0,0
INV100656,0,0,0,0,0,1,0,0,0,0,0
INV100657,1,0,0,0,0,0,0,0,0,0,0
INV100658,0,0,1,0,0,0,0,0,0,0,0
INV100659,0,1,0,0,0,0,0,0,0,0,0
INV100660,0,0,0,0,0,0,0,1,0,0,0
INV100661,0,0,0,0,0,0,0,0,0,1,0
INV100662,0,0,0,0,0,0,0,0,0,0,1
INV100663,0,1,0,0,0,0,0,0,0,0,0
INV100664,0,0,0,0,1,0,0,0,0,0,0
INV100665,0,0,0,0,0,0,0,0,0,1,0
INV100666,0,0,1,0,0,0,0,0,0,0,0
INV100667,0,0,1,0,0,0,0,0,0,0,0
INV100668,0,0,0,0,1,0,0,0,0,0,0
INV100669,0,0,0,0,0,0,0,0,1,0,0
INV100670,0,0,0,0,0,0,0,1,0,0,0
INV100671,0,0,0,0,0,0,0,0,0,1,0
INV100672,0,0,0,1,0,0,0,0,0,0,0
INV100673,0,0,0,1,0,0,0,0,0,0,0
INV100674,0,0,0,0,1,0,0,0,0,0,0
INV100675,0,0,0,0,1,0,0,0,0,0,0
INV100676,0,0,0,0,0,0,0,1,0,0,0
INV100677,0,0,0,0,0,1,0,0,0,0,0
INV100678,0,0,0,1,0,0,0,0,0,0,0
INV100679,0,0,0,0,0,0,0,0,0,0,1
INV100680,0,0,0,1,0,0,0,0,0,0,0
INV100681,0,0,0,0,0,0,0,1,0,0,0
INV100682,0,1,0,0,0,0,0,0,0,0,0
INV100683,0,0,0,0,0,0,0,1,0,0,0
INV100684,0,0,0,0,0,0,0,0,0,1,0
INV100685,0,0,0,0,1,0,0,0,0,0,0
INV100686,1,0,0,0,0,0,0,0,0,0,0
INV100687,0,1,0,0,0,0,0,0,0,0,0
INV100688,0,0,0,0,0,0,1,0,0,0,0
INV100689,0,0,0,0,0,0,0,1,0,0,0
INV100690,0,0,0,0,0,0,0,1,0,0,0
INV100691,0,0,0,0,1,0,0,0,0,0,0
INV100692,0,1,0,0,0,0,0,0,0,0,0
INV100693,0,0,0,0,0,0,0,0,0,1,0
INV100694,0,0,0,0,1,0,0,0,0,0,0
INV100695,0,1,0,0,0,0,0,0,0,0,0
INV100696,0,0,0,1,0,0,0,0,0,0,0
INV100697,0,0,0,0,0,1,0,0,0,0,0
INV100698,0,0,0,0,0,1,0,0,0,0,0
INV100700,0,0,1,0,0,0,0,0,0,0,0
INV100701,0,0,0,0,0,0,0,0,0,1,0
INV100702,1,0,0,0,0,0,0,0,0,0,0
INV100703,0,0,0,0,0,1,0,0,0,0,0
INV100704,0,0,0,0,0,0,0,0,0,1,0
INV100705,0,0,0,0,0,1,0,0,0,0,0
INV100706,1,0,0,0,0,0,0,0,0,0,0
INV100707,0,0,0,0,0,1,0,0,0,0,0
INV100708,0,0,0,0,0,0,0,1,0,0,0
INV100709,0,0,0,0,0,0,1,0,0,0,0
INV100711,0,0,0,0,1,0,0,0,0,0,0
INV100712,0,0,0,0,0,0,0,0,0,1,0
INV100713,0,0,0,0,0,1,0,0,0,0,0
INV100714,0,0,1,0,0,0,0,0,0,0,0
INV100715,0,1,0,0,0,0,0,0,0,0,0
INV100717,0,0,0,0,0,0,0,1,0,0,0
INV100718,0,1,0,0,0,0,0,0,0,0,0
INV100719,0,0,0,0,0,0,0,0,0,1,0
INV100720,0,0,0,0,0,0,0,1,0,0,0
INV100721,0,0,0,0,0,0,1,0,0,0,0
INV100722,0,0,0,0,0,0,0,0,0,0,1
INV100723,0,0,0,0,0,0,1,0,0,0,0
INV100724,0,0,0,0,0,0,1,0,0,0,0
INV100725,0,0,0,0,0,0,1,0,0,0,0
INV100726,1,0,0,0,0,0,0,0,0,0,0
INV100727,0,1,0,0,0,0,0,0,0,0,0
INV100728,0,0,0,0,0,0,1,0,0,0,0
INV100729,0,0,0,0,0,1,0,0,0,0,0
INV100730,0,0,0,0,0,0,0,1,0,0,0
INV100731,1,0,0,0,0,0,0,0,0,0,0
INV100732,0,0,0,0,1,0,0,0,0,0,0
INV100733,0,0,0,0,0,0,0,0,1,0,0
INV100734,0,0,0,1,0,0,0,0,0,0,0
INV100735,1,0,0,0,0,0,0,0,0,0,0
INV100736,1,0,0,0,0,0,0,0,0,0,0
INV100737,0,0,0,0,0,0,0,0,0,0,1
INV100738,0,0,0,0,0,0,1,0,0,0,0
INV100739,0,0,0,0,0,0,0,1,0,0,0
INV100740,0,0,0,0,0,0,0,0,0,1,0
INV100741,0,0,0,1,0,0,0,0,0,0,0
INV100742,0,1,0,0,0,0,0,0,0,0,0
INV100743,0,0,1,0,0,0,0,0,0,0,0
INV100744,0,0,0,0,0,0,0,1,0,0,0
INV100745,0,0,0,1,0,0,0,0,0,0,0
INV100746,0,0,0,0,0,0,0,0,0,1,0
INV100747,0,0,0,0,0,0,0,0,0,0,1
INV100748,0,0,0,0,0,1,0,0,0,0,0
INV100749,0,1,0,0,0,0,0,0,0,0,0
INV100750,0,0,0,0,1,0,0,0,0,0,0
INV100751,1,0,0,0,0,0,0,0,0,0,0
INV100752,0,0,0,0,1,0,0,0,0,0,0
INV100753,0,0,0,0,0,0,0,1,0,0,0
INV100754,0,0,0,0,0,0,0,0,0,1,0
INV100755,0,0,1,0,0,0,0,0,0,0,0
INV100756,0,0,0,0,0,0,1,0,0,0,0
INV100757,0,0,0,1,0,0,0,0,0,0,0
INV100758,0,0,0,0,0,0,1,0,0,0,0
INV100759,0,1,0,0,0,0,0,0,0,0,0
INV100760,0,0,0,0,0,1,0,0,0,0,0
INV100761,1,0,0,0,0,0,0,0,0,0,0
INV100762,1,0,0,0,0,0,0,0,0,0,0
INV100763,0,0,0,0,0,0,0,1,0,0,0
INV100764,0,0,0,0,0,0,0,0,0,0,1
INV100765,0,0,0,1,0,0,0,0,0,0,0
INV100766,0,0,0,1,0,0,0,0,0,0,0
INV100767,0,0,0,0,0,0,1,0,0,0,0
INV100768,1,0,0,0,0,0,0,0,0,0,0
INV100769,0,0,0,1,0,0,0,0,0,0,0
INV100770,0,0,0,1,0,0,0,0,0,0,0
INV100771,1,0,0,0,0,0,0,0,0,0,0
INV100772,0,0,0,1,0,0,0,0,0,0,0
INV100773,0,0,0,0,0,1,0,0,0,0,0
INV100774,0,0,0,0,0,0,0,0,0,0,1
INV100775,0,1,0,0,0,0,0,0,0,0,0
INV100776,0,0,1,0,0,0,0,0,0,0,0
INV100777,0,0,0,0,0,0,1,0,0,0,0
INV100778,0,0,0,0,0,0,0,0,0,1,0
INV100779,0,0,0,1,0,0,0,0,0,0,0
INV100780,0,0,1,0,0,0,0,0,0,0,0
INV100781,0,0,0,0,0,1,0,0,0,0,0
INV100782,1,0,0,0,0,0,0,0,0,0,0
INV100783,0,0,0,0,0,1,0,0,0,0,0
INV100784,0,0,0,0,1,0,0,0,0,0,0
INV100785,0,0,0,0,0,0,1,0,0,0,0
INV100787,0,0,0,0,0,0,0,1,0,0,0
INV100788,0,0,0,0,0,0,1,0,0,0,0
INV100789,0,0,0,0,0,1,0,0,0,0,0
INV100790,0,0,0,0,0,0,0,1,0,0,0
INV100791,0,0,0,0,0,0,0,0,0,1,0
INV100792,0,0,0,1,0,0,0,0,0,0,0
INV100793,0,0,0,0,0,0,1,0,0,0,0
INV100794,0,0,0,1,0,0,0,0,0,0,0
INV100795,0,0,0,0,0,0,0,0,0,1,0
INV100796,1,0,0,0,0,0,0,0,0,0,0
INV100797,0,0,0,0,0,0,0,0,0,1,0
INV100798,0,1,0,0,0,0,0,0,0,0,0
INV100799,0,0,0,0,0,0,0,0,0,1,0
INV100800,0,1,0,0,0,0,0,0,0,0,0
INV100801,0,0,0,0,0,0,0,1,0,0,0
INV100802,0,0,0,0,0,0,0,0,1,0,0
INV100803,1,0,0,0,0,0,0,0,0,0,0
INV100804,0,0,0,0,0,1,0,0,0,0,0
INV100805,0,0,0,0,1,0,0,0,0,0,0
INV100806,1,0,0,0,0,0,0,0,0,0,0
INV100807,0,0,0,1,0,0,0,0,0,0,0
INV100808,0,0,0,1,0,0,0,0,0,0,0
INV100809,0,1,0,0,0,0,0,0,0,0,0
INV100810,0,0,0,0,0,0,0,1,0,0,0
INV100811,0,0,0,0,0,0,0,0,1,0,0
INV100812,0,0,0,0,0,1,0,0,0,0,0
INV100814,0,0,0,1,0,0,0,0,0,0,0
INV100815,0,0,0,0,0,0,0,0,0,1,0
INV100816,0,0,0,0,0,0,0,1,0,0,0
INV100817,0,0,0,0,0,0,0,0,0,1,0
INV100818,0,0,0,0,0,0,1,0,0,0,0
INV100819,1,0,0,0,0,0,0,0,0,0,0
INV100820,0,0,0,0,1,0,0,0,0,0,0
INV100821,0,0,0,0,0,0,0,0,1,0,0
INV100822,0,0,0,0,0,0,0,0,0,0,1
INV100823,0,0,0,0,0,0,0,1,0,0,0
INV100824,0,1,0,0,0,0,0,0,0,0,0
INV100825,0,0,0,0,0,0,1,0,0,0,0
INV100826,0,0,0,0,0,1,0,0,0,0,0
INV100827,0,0,0,0,0,0,0,1,0,0,0
INV100828,0,0,0,0,0,0,0,1,0,0,0
INV100829,0,0,1,0,0,0,0,0,0,0,0
INV100830,0,0,0,0,1,0,0,0,0,0,0
INV100831,0,0,0,1,0,0,0,0,0,0,0
INV100832,0,0,0,1,0,0,0,0,0,0,0
INV100833,0,0,0,0,1,0,0,0,0,0,0
INV100834,1,0,0,0,0,0,0,0,0,0,0
INV100835,0,0,0,0,0,0,0,0,0,0,1
INV100836,0,0,0,0,0,0,0,0,0,1,0
INV100837,1,0,0,0,0,0,0,0,0,0,0
INV100838,0,0,0,0,1,0,0,0,0,0,0
INV100839,0,0,0,0,0,0,0,1,0,0,0
INV100840,0,0,0,0,0,1,0,0,0,0,0
INV100841,0,0,1,0,0,0,0,0,0,0,0
INV100842,0,0,0,0,0,1,0,0,0,0,0
INV100844,0,1,0,0,0,0,0,0,0,0,0
INV100845,0,0,0,0,0,0,0,0,0,1,0
INV100846,0,0,0,0,0,1,0,0,0,0,0
INV100847,0,0,0,0,1,0,0,0,0,0,0
INV100848,0,0,0,0,0,0,1,0,0,0,0
INV100849,0,0,0,0,0,0,0,0,0,1,0
INV100850,0,0,0,0,1,0,0,0,0,0,0
INV100851,0,0,0,1,0,0,0,0,0,0,0
INV100852,0,0,0,0,0,0,0,0,1,0,0
INV100853,1,0,0,0,0,0,0,0,0,0,0
INV100854,0,0,0,0,0,0,0,1,0,0,0
INV100855,0,0,0,0,1,0,0,0,0,0,0
INV100856,1,0,0,0,0,0,0,0,0,0,0
INV100857,1,0,0,0,0,0,0,0,0,0,0
INV100858,0,0,0,0,0,0,0,1,0,0,0
INV100859,0,0,1,0,0,0,0,0,0,0,0
INV100860,0,0,0,0,0,1,0,0,0,0,0
INV100861,0,0,0,0,0,0,0,0,0,0,1
INV100862,0,1,0,0,0,0,0,0,0,0,0
INV100863,0,0,0,0,0,0,0,0,0,0,1
INV100864,0,0,0,0,1,0,0,0,0,0,0
INV100865,0,1,0,0,0,0,0,0,0,0,0
INV100866,0,0,0,0,1,0,0,0,0,0,0
INV100867,0,0,0,0,0,1,0,0,0,0,0
INV100868,0,0,0,0,0,0,0,0,0,0,1
INV100869,0,0,0,0,0,0,0,1,0,0,0
INV100870,0,0,0,0,0,1,0,0,0,0,0
INV100871,0,0,0,0,0,1,0,0,0,0,0
INV100873,0,0,0,0,0,0,0,0,0,0,1
INV100874,0,0,0,0,0,1,0,0,0,0,0
INV100875,0,0,0,0,1,0,0,0,0,0,0
INV100876,0,0,0,0,0,1,0,0,0,0,0
INV100877,1,0,0,0,0,0,0,0,0,0,0
INV100878,0,0,0,0,0,0,0,1,0,0,0
INV100879,0,0,0,1,0,0,0,0,0,0,0
INV100880,0,0,0,0,0,0,1,0,0,0,0
INV100881,0,1,0,0,0,0,0,0,0,0,0
INV100882,0,0,0,0,0,0,1,0,0,0,0
INV100883,0,0,0,0,0,0,1,0,0,0,0
INV100884,0,0,0,1,0,0,0,0,0,0,0
INV100885,0,0,0,1,0,0,0,0,0,0,0
INV100886,0,0,0,0,1,0,0,0,0,0,0
INV100887,0,0,0,0,0,0,0,1,0,0,0
INV100888,0,0,1,0,0,0,0,0,0,0,0
INV100889,0,0,0,1,0,0,0,0,0,0,0
INV100890,0,1,0,0,0,0,0,0,0,0,0
INV100891,0,0,0,0,0,0,0,0,0,1,0
INV100892,0,0,0,0,0,0,0,0,0,1,0
INV100893,0,0,0,0,0,1,0,0,0,0,0
INV100894,0,0,0,0,0,0,0,1,0,0,0
INV100895,1,0,0,0,0,0,0,0,0,0,0
INV100896,0,0,0,0,0,0,1,0,0,0,0
INV100897,0,0,0,0,0,0,1,0,0,0,0
INV100898,0,0,0,0,0,0,1,0,0,0,0
INV100899,0,0,1,0,0,0,0,0,0,0,0
INV100900,0,0,0,0,0,0,0,0,0,0,1
INV100901,0,1,0,0,0,0,0,0,0,0,0
INV100902,0,0,0,0,0,0,0,0,0,0,1
INV100903,0,0,0,1,0,0,0,0,0,0,0
INV100904,0,0,0,0,1,0,0,0,0,0,0
INV100905,0,0,0,0,0,0,0,0,0,1,0
INV100906,0,0,0,0,0,0,0,1,0,0,0
INV100907,0,0,0,1,0,0,0,0,0,0,0
INV100908,0,1,0,0,0,0,0,0,0,0,0
INV100909,0,1,0,0,0,0,0,0,0,0,0
INV100910,0,0,0,0,1,0,0,0,0,0,0
INV100911,0,0,0,0,1,0,0,0,0,0,0
INV100912,0,0,0,0,1,0,0,0,0,0,0
INV100913,0,0,0,1,0,0,0,0,0,0,0
INV100914,0,0,0,0,0,0,1,0,0,0,0
INV100915,1,0,0,0,0,0,0,0,0,0,0
INV100916,0,0,0,0,1,0,0,0,0,0,0
INV100917,0,0,0,0,0,0,0,0,0,0,1
INV100919,0,1,0,0,0,0,0,0,0,0,0
INV100920,1,0,0,0,0,0,0,0,0,0,0
INV100921,0,0,0,1,0,0,0,0,0,0,0
INV100922,0,0,0,0,0,0,0,0,0,0,1
INV100923,0,0,0,0,1,0,0,0,0,0,0
INV100924,0,0,0,0,0,1,0,0,0,0,0
INV100925,0,0,0,0,0,1,0,0,0,0,0
INV100926,0,0,0,0,0,0,1,0,0,0,0
INV100927,0,0,1,0,0,0,0,0,0,0,0
INV100928,0,0,0,0,0,0,0,1,0,0,0
INV100929,0,0,0,0,1,0,0,0,0,0,0
INV100930,0,0,0,0,1,0,0,0,0,0,0
INV100931,0,0,0,0,0,1,0,0,0,0,0
INV100932,0,1,0,0,0,0,0,0,0,0,0
INV100933,0,0,0,0,1,0,0,0,0,0,0
INV100934,0,0,0,1,0,0,0,0,0,0,0
INV100935,0,0,0,0,0,0,0,0,0,0,1
INV100936,0,0,0,0,0,0,0,1,0,0,0
INV100937,0,0,0,0,1,0,0,0,0,0,0
INV100938,0,0,1,0,0,0,0,0,0,0,0
INV100939,0,0,0,0,1,0,0,0,0,0,0
INV100940,0,0,0,0,0,0,0,1,0,0,0
INV100941,0,1,0,0,0,0,0,0,0,0,0
INV100942,0,0,0,0,0,0,0,0,0,0,1
INV100943,0,0,0,0,0,1,0,0,0,0,0
INV100944,0,0,0,0,0,0,0,0,0,0,1
INV100945,0,0,0,0,0,0,0,1,0,0,0
INV100946,0,0,0,0,1,0,0,0,0,0,0
INV100947,0,0,0,0,1,0,0,0,0,0,0
INV100948,0,0,1,0,0,0,0,0,0,0,0
INV100949,0,0,0,0,0,0,0,1,0,0,0
INV100950,0,0,0,0,0,0,1,0,0,0,0
INV100951,0,0,1,0,0,0,0,0,0,0,0
INV100952,0,0,0,0,0,1,0,0,0,0,0
INV100953,0,0,0,0,1,0,0,0,0,0,0
INV100954,0,0,0,0,0,0,0,0,0,1,0
INV100957,1,0,0,0,0,0,0,0,0,0,0
INV100958,0,0,0,1,0,0,0,0,0,0,0
INV100959,1,0,0,0,0,0,0,0,0,0,0
INV100960,0,0,0,0,0,0,0,0,0,0,1
INV100961,0,0,0,0,0,0,1,0,0,0,0
INV100962,0,0,0,1,0,0,0,0,0,0,0
INV100963,0,0,0,0,0,0,0,0,0,0,1
INV100964,0,0,1,0,0,0,0,0,0,0,0
INV100965,0,1,0,0,0,0,0,0,0,0,0
INV100966,0,0,0,0,0,0,1,0,0,0,0
INV100967,0,0,0,1,0,0,0,0,0,0,0
INV100968,0,0,0,0,0,0,0,0,0,1,0
INV100969,0,0,0,1,0,0,0,0,0,0,0
INV100970,0,0,0,1,0,0,0,0,0,0,0
INV100971,0,0,0,0,0,0,0,1,0,0,0
INV100972,0,0,1,0,0,0,0,0,0,0,0
INV100973,0,0,0,0,0,0,0,0,0,0,1
INV100975,0,1,0,0,0,0,0,0,0,0,0
INV100976,1,0,0,0,0,0,0,0,0,0,0
INV100977,0,0,0,0,1,0,0,0,0,0,0
INV100978,0,0,0,0,0,0,0,0,1,0,0
INV100979,0,0,0,0,0,0,0,0,0,1,0
INV100980,0,0,0,1,0,0,0,0,0,0,0
INV100981,0,0,0,0,1,0,0,0,0,0,0
INV100982,0,0,0,0,1,0,0,0,0,0,0
INV100983,0,1,0,0,0,0,0,0,0,0,0
INV100984,0,0,0,0,0,0,0,1,0,0,0
INV100985,0,1,0,0,0,0,0,0,0,0,0
INV100986,0,0,0,0,0,0,0,0,0,0,1
INV100987,0,0,0,0,0,1,0,0,0,0,0
INV100988,0,0,0,0,1,0,0,0,0,0,0
INV100989,0,0,0,0,0,0,1,0,0,0,0
INV100990,0,1,0,0,0,0,0,0,0,0,0
INV100991,0,0,0,0,0,0,0,0,0,0,1
INV100992,1,0,0,0,0,0,0,0,0,0,0
INV100994,0,0,0,0,0,1,0,0,0,0,0
INV100995,0,0,0,0,0,0,0,0,0,1,0
INV100996,0,0,0,0,0,0,0,1,0,0,0
INV100997,0,0,1,0,0,0,0,0,0,0,0
INV100998,0,0,0,0,0,0,0,1,0,0,0
INV100999,0,0,0,0,0,0,1,0,0,0,0
INV101000,0,0,0,0,0,0,0,1,0,0,0
INV101001,0,0,0,0,0,0,0,1,0,0,0
INV101002,0,1,0,0,0,0,0,0,0,0,0
INV101003,0,0,0,0,0,0,0,1,0,0,0
INV101004,0,0,0,0,1,0,0,0,0,0,0
INV101005,0,0,1,0,0,0,0,0,0,0,0
INV101006,0,0,0,0,0,0,0,0,0,1,0
INV101007,0,0,0,0,0,1,0,0,0,0,0
INV101008,0,0,1,0,0,0,0,0,0,0,0
INV101009,0,0,0,0,1,0,0,0,0,0,0
INV101010,0,0,0,0,0,0,1,0,0,0,0
INV101011,0,0,0,0,1,0,0,0,0,0,0
INV101012,0,0,1,0,0,0,0,0,0,0,0
INV101014,0,0,0,0,0,0,0,1,0,0,0
INV101015,0,1,0,0,0,0,0,0,0,0,0
INV101016,0,0,0,0,0,0,1,0,0,0,0
INV101017,0,0,0,0,0,0,0,0,0,1,0
INV101018,0,1,0,0,0,0,0,0,0,0,0
INV101019,0,0,1,0,0,0,0,0,0,0,0
INV101020,1,0,0,0,0,0,0,0,0,0,0
INV101021,0,0,1,0,0,0,0,0,0,0,0
INV101022,0,0,0,0,0,0,1,0,0,0,0
INV101023,0,0,0,0,1,0,0,0,0,0,0
INV101024,0,0,1,0,0,0,0,0,0,0,0
INV101025,0,0,1,0,0,0,0,0,0,0,0
INV101026,1,0,0,0,0,0,0,0,0,0,0
INV101027,0,0,0,0,0,0,0,0,0,0,1
INV101028,0,0,0,0,0,0,0,1,0,0,0
INV101029,0,0,0,0,0,0,0,1,0,0,0
INV101030,0,0,0,0,0,0,1,0,0,0,0
INV101031,0,1,0,0,0,0,0,0,0,0,0
INV101032,0,1,0,0,0,0,0,0,0,0,0
INV101033,0,0,0,0,0,0,0,0,0,0,1
INV101034,0,0,0,0,0,0,0,0,0,1,0
INV101035,0,0,0,1,0,0,0,0,0,0,0
INV101036,0,0,0,0,0,0,0,0,0,1,0
INV101037,0,0,0,1,0,0,0,0,0,0,0
